epoch,steps,cosine_pearson,cosine_spearman,euclidean_pearson,euclidean_spearman,manhattan_pearson,manhattan_spearman,dot_pearson,dot_spearman
-1,-1,0.7702957906619419,0.7794397640611548,0.7731349387380101,0.7764272889774996,0.7733231197130058,0.7764037724922469,0.6235462253751254,0.6098795372888728
-1,-1,0.7702957906619419,0.7794397640611548,0.7731349387380101,0.7764272889774996,0.7733231197130058,0.7764037724922469,0.6235462253751254,0.6098795372888728
